<?xml version="1.0" encoding="utf-8"?>
<mosinstall type="component">
	<name>loginza</name>
	<files>
            <filename>index.html</filename>
            <filename>loginza.class.php</filename>
            <filename>loginza.html.php</filename>
            <filename>loginza.php</filename>
	</files>
	<administration>
		<menu>Loginza</menu>
		<files>                     
                        <filename>admin.loginza.html.php</filename>
                        <filename>admin.loginza.php</filename>
                        <filename>index.html</filename>
                        <filename>license.txt</filename>
                        <filename>loginza.xml</filename>
                        <filename>toolbar.loginza.html.php</filename>
                        <filename>toolbar.loginza.php</filename>
                        <filename>assets/css/style.css</filename>
                        <filename>img/index.html</filename>
                        <filename>img/loginza_logo-trans.png</filename>
                        <filename>img/icon_users.png</filename>
                        <filename>img/icon_back.png</filename>
                        <filename>img/webmoney.png</filename>
                        <filename>img/google.png</filename>
                        <filename>img/twitter.png</filename>
                        <filename>img/facebook.png</filename>
                        <filename>img/flickr.png</filename>
                        <filename>img/livejournal.png</filename>
                        <filename>img/loginza.png</filename>
                        <filename>img/mailru.png</filename>
                        <filename>img/myopenid.png</filename>
                        <filename>img/openid.png</filename>
                        <filename>img/rambler.png</filename>
                        <filename>img/vkontakte.png</filename>
                        <filename>img/yandex.png</filename>
                        <filename>languages/english.php</filename>
                        <filename>languages/russian.php</filename>
		</files>
	</administration> 
</mosinstall>